Dataset,Model,Train Size,Test Size,Embedding Dim,Embed Time (s),Train Time (s),Accuracy,Precision,Recall,F1-Score
5k_2k,logistic_regression,5000,2000,384,177.76302027702332,7.725426435470581,0.8740,0.8734,0.8740,0.8736
5k_2k,svm,5000,2000,384,177.76302027702332,1.1718907356262207,0.8720,0.8714,0.8720,0.8717
5k_2k,naive_bayes,5000,2000,384,177.76302027702332,0.23217058181762695,0.6360,0.7965,0.6360,0.6387
